region_id,size_rank,city,state,Q1_2020,Q2_2020,Q3_2020,Q4_2020,Q1_2021,Q2_2021,Q3_2021,Q4_2021,Q1_2022,Q2_2022,Q3_2022,Q4_2022,Q1_2023,4/30/2023,5/31/2023
394913,1,New York,NY,"$2,806.21 ","$3,322.35 ","$2,807.47 ","$2,545.46 ","$2,550.35 ","$2,608.29 ","$2,753.94 ","$2,928.70 ","$3,047.40 ","$3,144.87 ","$3,221.95 ","$3,259.94 ","$3,301.45 ","$3,330.41 ","$3,335.93 "
753899,2,Los Angeles,CA,"$2,605.36 ","$2,953.67 ","$2,379.23 ","$2,390.88 ","$2,416.39 ","$2,474.83 ","$2,593.86 ","$2,708.98 ","$2,792.97 ","$2,869.97 ","$2,904.67 ","$2,921.36 ","$2,946.62 ","$2,956.45 ","$2,954.41 "
394463,3,Chicago,IL,"$1,724.03 ","$1,804.97 ","$1,682.69 ","$1,666.31 ","$1,666.14 ","$1,715.95 ","$1,774.09 ","$1,822.69 ","$1,867.97 ","$1,903.28 ","$1,935.64 ","$1,974.03 ","$2,008.68 ","$2,024.72 ","$2,030.43 "
394514,4,Dallas,TX,"$1,418.77 ","$1,413.49 ","$1,404.39 ","$1,427.87 ","$1,460.37 ","$1,514.28 ","$1,598.54 ","$1,678.09 ","$1,732.31 ","$1,777.50 ","$1,803.93 ","$1,812.62 ","$1,829.13 ","$1,836.82 ","$1,832.29 "
394692,5,Houston,TX,"$1,414.69 ","$1,400.98 ","$1,386.61 ","$1,404.63 ","$1,415.22 ","$1,455.67 ","$1,522.75 ","$1,568.51 ","$1,600.15 ","$1,625.87 ","$1,634.47 ","$1,646.77 ","$1,670.85 ","$1,683.35 ","$1,685.80 "
395209,6,Washington,VA,"$2,010.80 ","$2,105.45 ","$2,070.35 ","$1,931.26 ","$1,940.60 ","$1,985.62 ","$2,069.87 ","$2,146.36 ","$2,187.12 ","$2,222.99 ","$2,243.33 ","$2,262.85 ","$2,294.85 ","$2,313.43 ","$2,316.99 "
394974,7,Philadelphia,PA,"$1,552.61 ","$1,549.12 ","$1,547.01 ","$1,560.60 ","$1,576.84 ","$1,613.99 ","$1,671.00 ","$1,729.56 ","$1,770.66 ","$1,802.47 ","$1,822.51 ","$1,833.73 ","$1,851.71 ","$1,862.39 ","$1,864.44 "
394856,8,Miami,FL,"$1,881.68 ","$1,874.21 ","$1,866.98 ","$1,898.13 ","$1,968.95 ","$2,086.89 ","$2,281.71 ","$2,460.92 ","$2,612.28 ","$2,718.65 ","$2,766.96 ","$2,803.59 ","$2,822.79 ","$2,832.20 ","$2,829.41 "
394347,9,Atlanta,GA,"$1,445.34 ","$1,448.43 ","$1,457.49 ","$1,498.98 ","$1,552.60 ","$1,630.28 ","$1,734.80 ","$1,820.07 ","$1,865.94 ","$1,902.49 ","$1,920.52 ","$1,934.77 ","$1,967.80 ","$1,987.55 ","$1,990.64 "
394404,10,Boston,MA,"$2,563.42 ","$2,863.86 ","$2,590.15 ","$2,377.34 ","$2,407.16 ","$2,487.32 ","$2,582.06 ","$2,691.93 ","$2,742.75 ","$2,790.29 ","$2,856.16 ","$2,919.37 ","$2,976.41 ","$3,017.30 ","$3,025.75 "
394976,11,Phoenix,AZ,"$1,402.56 ","$1,398.47 ","$1,416.51 ","$1,473.46 ","$2,407.16 ","$1,626.43 ","$1,762.65 ","$1,857.67 ","$1,909.23 ","$1,932.54 ","$1,920.94 ","$1,917.16 ","$1,933.60 ","$1,945.14 ","$1,943.05 "
395057,12,San Francisco,CA,"$2,964.48 ","$3,011.84 ","$2,875.65 ","$2,741.70 ","$2,743.01 ","$2,803.41 ","$2,914.02 ","$2,996.81 ","$3,053.28 ","$3,092.75 ","$3,117.18 ","$3,148.74 ","$3,156.91 ","$3,154.83 ","$3,151.27 "
395025,13,Riverside,CA,"$1,867.73 ","$1,867.29 ","$2,144.71 ","$2,006.85 ","$2,081.21 ","$2,190.87 ","$2,312.57 ","$2,399.87 ","$2,470.45 ","$2,527.86 ","$2,544.74 ","$2,557.73 ","$2,578.46 ","$2,578.15 ","$2,577.29 "
394532,14,Detroit,MI,"$1,112.52 ","$1,115.33 ","$1,137.13 ","$1,171.54 ","$1,201.03 ","$1,232.68 ","$1,273.41 ","$1,312.65 ","$1,338.57 ","$1,372.56 ","$1,389.53 ","$1,398.65 ","$1,415.90 ","$1,420.21 ","$1,419.92 "
395078,15,Seattle,WA,"$1,905.48 ","$2,011.27 ","$1,838.26 ","$1,813.91 ","$1,823.61 ","$1,893.91 ","$2,004.43 ","$2,098.64 ","$2,146.58 ","$2,187.67 ","$2,203.39 ","$2,217.72 ","$2,241.72 ","$2,244.33 ","$2,239.82 "
394865,16,Minneapolis,MN,"$1,495.40 ","$1,490.83 ","$1,485.12 ","$1,496.85 ","$1,499.72 ","$1,524.31 ","$1,558.27 ","$1,580.34 ","$1,602.82 ","$1,622.39 ","$1,635.21 ","$1,647.96 ","$1,662.78 ","$1,668.80 ","$1,669.81 "
395056,17,San Diego,CA,"$2,270.23 ","$2,252.22 ","$2,250.75 ","$2,301.00 ","$2,360.38 ","$2,439.91 ","$2,567.92 ","$2,714.47 ","$2,818.32 ","$2,919.03 ","$2,985.97 ","$3,009.95 ","$3,059.23 ","$3,088.12 ","$3,096.69 "
395148,18,Tampa,FL,"$1,427.05 ","$1,430.89 ","$1,439.07 ","$1,483.97 ","$1,538.36 ","$1,623.18 ","$1,775.42 ","$1,900.17 ","$1,974.81 ","$2,036.20 ","$2,047.91 ","$2,062.98 ","$2,105.55 ","$2,128.85 ","$2,131.26 "
394530,19,Denver,CO,"$1,692.61 ","$2,061.07 ","$1,789.38 ","$1,669.46 ","$1,690.40 ","$1,750.05 ","$1,847.79 ","$1,912.46 ","$1,955.83 ","$1,996.95 ","$2,005.93 ","$2,023.74 ","$2,052.49 ","$2,063.71 ","$2,062.45 "
394358,20,Baltimore,MD,"$1,500.30 ","$1,482.57 ","$1,483.50 ","$1,514.03 ","$1,541.20 ","$1,592.00 ","$1,664.31 ","$1,707.76 ","$1,735.03 ","$1,759.95 ","$1,762.92 ","$1,772.54 ","$1,791.58 ","$1,799.32 ","$1,799.55 "
395121,21,St. Louis,MO,"$1,085.30 ","$1,090.50 ","$1,099.41 ","$1,119.76 ","$1,132.53 ","$1,156.71 ","$1,190.51 ","$1,224.50 ","$1,260.43 ","$1,292.20 ","$1,316.45 ","$1,335.85 ","$1,354.79 ","$1,364.98 ","$1,371.79 "
394943,22,Orlando,FL,"$1,514.80 ","$1,506.51 ","$1,496.41 ","$1,512.19 ","$1,553.22 ","$1,621.24 ","$1,741.49 ","$1,864.21 ","$1,935.79 ","$2,003.40 ","$2,034.74 ","$2,047.29 ","$2,081.14 ","$2,096.55 ","$2,092.22 "
394458,23,Charlotte,NC,"$1,379.04 ","$1,369.58 ","$1,369.46 ","$1,395.37 ","$1,435.04 ","$1,496.06 ","$1,574.18 ","$1,655.51 ","$1,704.88 ","$1,753.70 ","$1,789.61 ","$1,806.37 ","$1,837.81 ","$1,854.71 ","$1,854.10 "
395055,24,San Antonio,TX,"$1,241.36 ","$1,233.76 ","$1,230.17 ","$1,248.66 ","$1,270.95 ","$1,309.78 ","$1,376.26 ","$1,433.98 ","$1,467.15 ","$1,499.20 ","$1,508.80 ","$1,513.55 ","$1,531.48 ","$1,536.68 ","$1,537.72 "
394998,25,Portland,OR,"$1,521.14 ","$1,504.04 ","$1,502.15 ","$1,521.45 ","$1,544.47 ","$1,592.62 ","$1,657.65 ","$1,712.26 ","$1,743.96 ","$1,792.59 ","$1,817.77 ","$1,834.44 ","$1,862.29 ","$1,865.73 ","$1,858.60 "
395045,26,Sacramento,CA,"$1,830.09 ","$1,830.06 ","$1,883.66 ","$1,922.49 ","$1,976.17 ","$2,043.99 ","$2,133.23 ","$2,193.45 ","$2,234.12 ","$2,265.14 ","$2,271.28 ","$2,276.15 ","$2,291.93 ","$2,302.63 ","$2,300.77 "
394982,27,Pittsburgh,PA,"$1,203.91 ","$1,203.47 ","$1,203.37 ","$1,215.16 ","$1,226.65 ","$1,255.03 ","$1,285.54 ","$1,316.06 ","$1,335.49 ","$1,363.94 ","$1,385.72 ","$1,400.42 ","$1,423.37 ","$1,428.25 ","$1,432.11 "
394466,28,Cincinnati,OH,"$1,164.65 ","$1,171.58 ","$1,184.02 ","$1,204.47 ","$1,227.49 ","$1,255.31 ","$1,290.77 ","$1,333.44 ","$1,365.98 ","$1,411.80 ","$1,447.34 ","$1,474.23 ","$1,505.54 ","$1,518.78 ","$1,525.62 "
394355,29,Austin,TX,"$1,501.40 ","$1,479.02 ","$1,444.52 ","$1,455.15 ","$1,502.99 ","$1,587.56 ","$1,715.80 ","$1,810.43 ","$1,848.44 ","$1,886.99 ","$1,894.06 ","$1,898.59 ","$1,917.64 ","$1,917.90 ","$1,910.08 "
394775,30,Las Vegas,NV,"$1,360.69 ","$1,348.46 ","$1,361.76 ","$1,419.48 ","$1,468.57 ","$1,553.70 ","$1,685.12 ","$1,781.93 ","$1,819.85 ","$1,838.42 ","$1,814.83 ","$1,793.02 ","$1,809.49 ","$1,816.96 ","$1,813.62 "
394735,31,Kansas City,MO,"$1,107.15 ","$1,117.14 ","$1,132.03 ","$1,154.04 ","$1,164.21 ","$1,197.79 ","$1,229.99 ","$1,260.54 ","$1,299.08 ","$1,330.56 ","$1,360.20 ","$1,387.56 ","$1,410.12 ","$1,421.67 ","$1,424.78 "
394492,32,Columbus,OH,"$1,202.73 ","$1,210.18 ","$1,222.49 ","$1,253.62 ","$1,267.31 ","$1,292.30 ","$1,330.91 ","$1,375.92 ","$1,408.72 ","$1,444.94 ","$1,471.45 ","$1,483.26 ","$1,513.71 ","$1,530.46 ","$1,535.01 "
394705,34,Indianapolis,IN,"$1,162.83 ","$1,182.01 ","$1,198.96 ","$1,222.46 ","$1,253.11 ","$1,281.13 ","$1,330.35 ","$1,380.38 ","$1,412.33 ","$1,459.27 ","$1,488.21 ","$1,511.28 ","$1,541.67 ","$1,552.35 ","$1,556.48 "
394475,35,Cleveland,OH,"$1,114.64 ","$1,123.59 ","$1,139.56 ","$1,154.59 ","$1,182.41 ","$1,206.14 ","$1,248.49 ","$1,281.58 ","$1,305.76 ","$1,344.70 ","$1,361.41 ","$1,385.03 ","$1,405.91 ","$1,410.74 ","$1,413.76 "
395059,36,San Jose,CA,"$3,126.35 ","$3,180.43 ","$3,045.84 ","$2,878.87 ","$2,861.71 ","$2,905.24 ","$3,008.74 ","$3,106.78 ","$3,175.31 ","$3,250.82 ","$3,305.76 ","$3,333.55 ","$3,359.32 ","$3,357.99 ","$3,355.35 "
394902,37,Nashville,TN,"$1,499.64 ","$1,499.26 ","$1,486.92 ","$1,500.20 ","$1,530.79 ","$1,588.07 ","$1,684.93 ","$1,773.34 ","$1,832.88 ","$1,878.45 ","$1,902.49 ","$1,918.19 ","$1,939.38 ","$1,951.37 ","$1,952.04 "
395194,38,Virginia Beach,VA,"$1,269.76 ","$1,273.50 ","$1,290.37 ","$1,324.34 ","$1,359.79 ","$1,417.72 ","$1,490.93 ","$1,536.54 ","$1,554.78 ","$1,586.25 ","$1,597.54 ","$1,619.44 ","$1,660.64 ","$1,676.76 ","$1,678.56 "
395005,39,Providence,RI,"$1,476.61 ","$1,489.69 ","$1,515.07 ","$1,565.71 ","$1,605.06 ","$1,657.96 ","$1,714.51 ","$1,767.78 ","$1,827.48 ","$1,874.04 ","$1,916.95 ","$1,948.80 ","$1,982.80 ","$2,008.08 ","$2,014.79 "
394714,40,Jacksonville,FL,"$1,299.28 ","$1,302.57 ","$1,309.47 ","$1,344.82 ","$1,391.16 ","$1,461.35 ","$1,568.22 ","$1,651.61 ","$1,706.10 ","$1,742.64 ","$1,752.71 ","$1,767.77 ","$1,793.39 ","$1,809.43 ","$1,816.06 "
394862,41,Milwaukee,WI,"$1,080.64 ","$1,084.59 ","$1,086.93 ","$1,097.61 ","$1,113.93 ","$1,134.74 ","$1,154.93 ","$1,179.22 ","$1,200.37 ","$1,221.35 ","$1,247.01 ","$1,265.00 ","$1,284.34 ","$1,298.25 ","$1,301.74 "
394935,42,Oklahoma City,OK,"$1,088.30 ","$1,090.47 ","$1,096.52 ","$1,121.68 ","$1,138.29 ","$1,171.85 ","$1,220.87 ","$1,254.85 ","$1,281.70 ","$1,309.53 ","$1,322.54 ","$1,334.76 ","$1,351.82 ","$1,356.75 ","$1,354.47 "
395012,43,Raleigh,NC,"$1,368.16 ","$1,500.73 ","$1,351.21 ","$1,380.77 ","$1,411.47 ","$1,470.19 ","$1,559.75 ","$1,632.18 ","$1,682.79 ","$1,723.21 ","$1,745.57 ","$1,760.64 ","$1,787.59 ","$1,804.95 ","$1,805.42 "
394849,44,Memphis,TN,"$1,103.79 ","$1,122.94 ","$1,153.74 ","$1,194.39 ","$1,222.75 ","$1,276.75 ","$1,328.22 ","$1,377.14 ","$1,412.11 ","$1,438.24 ","$1,460.01 ","$1,475.15 ","$1,499.65 ","$1,511.79 ","$1,511.37 "
395022,45,Richmond,VA,"$1,235.79 ","$1,233.60 ","$1,247.81 ","$1,272.04 ","$1,297.05 ","$1,347.80 ","$1,395.43 ","$1,449.90 ","$1,493.81 ","$1,530.66 ","$1,562.62 ","$1,579.75 ","$1,598.59 ","$1,606.24 ","$1,606.64 "
394807,46,Louisville,KY,"$1,054.12 ","$1,059.92 ","$1,074.67 ","$1,092.53 ","$1,099.16 ","$1,122.35 ","$1,146.73 ","$1,180.38 ","$1,218.01 ","$1,254.29 ","$1,285.98 ","$1,307.82 ","$1,329.14 ","$1,337.81 ","$1,341.29 "
394910,47,New Orleans,LA,"$1,384.09 ","$1,384.04 ","$1,390.74 ","$1,408.21 ","$1,417.64 ","$1,447.47 ","$1,496.84 ","$1,568.59 ","$1,625.93 ","$1,651.57 ","$1,668.41 ","$1,661.56 ","$1,664.88 ","$1,672.67 ","$1,675.47 "
395053,48,Salt Lake City,UT,"$1,325.02 ","$1,312.27 ","$1,319.42 ","$1,340.39 ","$1,372.60 ","$1,434.58 ","$1,511.91 ","$1,585.49 ","$1,649.13 ","$1,691.35 ","$1,714.24 ","$1,726.10 ","$1,726.43 ","$1,724.20 ","$1,717.83 "
394669,49,Hartford,CT,"$1,389.90 ","$1,396.01 ","$1,406.17 ","$1,443.25 ","$1,471.03 ","$1,499.47 ","$1,552.18 ","$1,600.51 ","$1,631.58 ","$1,674.58 ","$1,701.43 ","$1,722.69 ","$1,758.67 ","$1,779.23 ","$1,786.66 "
394425,50,Buffalo,NY,"$1,007.07 ","$1,019.18 ","$1,034.93 ","$1,057.77 ","$1,080.10 ","$1,103.19 ","$1,133.49 ","$1,165.33 ","$1,188.50 ","$1,221.63 ","$1,243.80 ","$1,260.64 ","$1,284.13 ","$1,291.36 ","$1,298.76 "
394388,51,Birmingham,AL,"$1,148.15 ","$1,161.98 ","$1,169.79 ","$1,193.09 ","$1,218.66 ","$1,236.06 ","$1,276.69 ","$1,315.04 ","$1,349.20 ","$1,372.00 ","$1,390.98 ","$1,405.74 ","$1,424.25 ","$1,449.19 ","$1,454.39 "
395031,52,Rochester,NY,"$1,136.28 ","$1,134.71 ","$1,145.16 ","$1,180.44 ","$1,226.41 ","$1,252.09 ","$1,287.23 ","$1,320.08 ","$1,337.66 ","$1,388.51 ","$1,419.13 ","$1,435.19 ","$1,456.05 ","$1,453.47 ","$1,454.93 "
394640,53,Grand Rapids,MI,"$1,162.00 ","$1,168.71 ","$1,177.80 ","$1,214.11 ","$1,232.36 ","$1,267.91 ","$1,320.90 ","$1,338.97 ","$1,391.36 ","$1,432.57 ","$1,456.98 ","$1,493.85 ","$1,509.78 ","$1,519.42 ","$1,523.28 "
395167,54,Tucson,AZ,"$1,159.04 ","$1,163.86 ","$1,187.23 ","$1,229.71 ","$1,265.05 ","$1,328.89 ","$1,398.04 ","$1,468.72 ","$1,517.35 ","$1,550.92 ","$1,570.39 ","$1,578.23 ","$1,600.98 ","$1,609.32 ","$1,616.56 "
753924,55,Urban Honolulu,HI,"$2,305.95 ","$2,278.43 ","$2,274.37 ","$2,290.39 ","$2,346.76 ","$2,405.16 ","$2,477.04 ","$2,546.72 ","$2,576.99 ","$2,616.43 ","$2,638.05 ","$2,658.67 ","$2,695.14 ","$2,711.99 ","$2,734.35 "
395169,56,Tulsa,OK,"$1,029.46 ","$1,034.45 ","$1,051.75 ","$1,075.05 ","$1,098.28 ","$1,134.74 ","$1,186.85 ","$1,235.54 ","$1,266.96 ","$1,302.92 ","$1,311.60 ","$1,316.40 ","$1,328.88 ","$1,323.08 ","$1,323.85 "
394619,57,Fresno,CA,"$1,475.16 ","$1,464.93 ","$1,483.22 ","$1,544.76 ","$1,603.72 ","$1,703.44 ","$1,816.86 ","$1,841.55 ","$1,869.91 ","$1,908.56 ","$1,911.75 ","$1,957.95 ","$1,996.45 ","$2,003.62 ","$2,005.75 "
395238,58,Worcester,MA,"$1,516.84 ","$1,514.70 ","$1,532.99 ","$1,568.63 ","$1,583.22 ","$1,625.17 ","$1,686.77 ","$1,749.65 ","$1,799.08 ","$1,865.14 ","$1,906.18 ","$1,932.96 ","$1,979.35 ","$1,995.29 ","$1,995.82 "
394938,59,Omaha,NE,"$1,039.77 ","$1,049.97 ","$1,059.87 ","$1,066.13 ","$1,080.78 ","$1,104.04 ","$1,139.24 ","$1,168.52 ","$1,188.02 ","$1,222.54 ","$1,243.98 ","$1,272.08 ","$1,304.52 ","$1,315.17 ","$1,320.94 "
394415,60,Bridgeport,CT,"$2,192.73 ","$2,212.59 ","$2,232.76 ","$2,309.95 ","$2,345.46 ","$2,412.15 ","$2,491.18 ","$2,540.69 ","$2,600.13 ","$2,679.00 ","$2,728.15 ","$2,761.50 ","$2,800.30 ","$2,797.50 ","$2,790.62 "
394653,61,Greenville,SC,"$1,202.61 ","$1,198.70 ","$1,181.93 ","$1,219.93 ","$1,247.46 ","$1,290.78 ","$1,351.75 ","$1,401.87 ","$1,431.73 ","$1,468.60 ","$1,502.71 ","$1,515.89 ","$1,546.80 ","$1,565.15 ","$1,562.24 "
394312,62,Albuquerque,NM,"$1,094.83 ","$1,093.91 ","$1,118.09 ","$1,155.70 ","$1,189.34 ","$1,247.35 ","$1,317.61 ","$1,367.93 ","$1,408.53 ","$1,452.89 ","$1,472.87 ","$1,502.84 ","$1,538.86 ","$1,552.71 ","$1,556.96 "
394357,63,Bakersfield,CA,"$1,254.11 ","$1,266.05 ","$1,478.88 ","$1,344.25 ","$1,385.32 ","$1,423.01 ","$1,476.14 ","$1,562.37 ","$1,636.55 ","$1,679.61 ","$1,707.74 ","$1,720.68 ","$1,728.74 ","$1,751.42 ","$1,754.43 "
394308,64,Albany,NY,"$1,246.11 ","$1,245.97 ","$1,258.17 ","$1,291.51 ","$1,303.21 ","$1,336.69 ","$1,364.45 ","$1,394.48 ","$1,434.79 ","$1,471.49 ","$1,501.67 ","$1,519.26 ","$1,534.36 ","$1,535.09 ","$1,540.12 "
394753,65,Knoxville,TN,"$1,162.36 ","$1,162.37 ","$1,175.21 ","$1,225.82 ","$1,257.62 ","$1,311.64 ","$1,403.19 ","$1,469.43 ","$1,533.03 ","$1,609.49 ","$1,649.00 ","$1,686.66 ","$1,734.46 ","$1,750.59 ","$1,756.62 "
394367,66,Baton Rouge,LA,"$1,205.44 ","$1,210.25 ","$1,218.08 ","$1,232.66 ","$1,247.73 ","$1,267.08 ","$1,302.61 ","$1,352.94 ","$1,386.21 ","$1,401.57 ","$1,408.35 ","$1,400.77 ","$1,403.23 ","$1,409.23 ","$1,412.25 "
394843,67,McAllen,TX,$956.82 ,$962.51 ,$968.75 ,$982.74 ,"$1,004.86 ","$1,027.53 ","$1,059.92 ","$1,091.42 ","$1,112.72 ","$1,138.19 ","$1,155.44 ","$1,170.18 ","$1,185.37 ","$1,193.32 ","$1,195.45 "
394908,68,New Haven,CT,"$1,533.38 ","$1,554.70 ","$1,561.40 ","$1,607.40 ","$1,626.11 ","$1,671.61 ","$1,763.78 ","$1,798.73 ","$1,830.70 ","$1,906.22 ","$1,928.32 ","$1,971.15 ","$2,025.87 ","$2,022.42 ","$2,022.55 "
394561,69,El Paso,TX,"$1,132.74 ","$1,146.29 ","$1,171.18 ","$1,197.20 ","$1,214.62 ","$1,247.08 ","$1,288.98 ","$1,343.46 ","$1,394.00 ","$1,447.64 ","$1,482.59 ","$1,504.14 ","$1,527.43 ","$1,531.35 ","$1,532.48 "
394318,70,Allentown,PA,"$1,335.42 ","$1,330.73 ","$1,352.35 ","$1,410.52 ","$1,441.04 ","$1,501.63 ","$1,585.19 ","$1,635.31 ","$1,681.82 ","$1,709.44 ","$1,716.47 ","$1,729.86 ","$1,753.64 ","$1,771.20 ","$1,772.72 "
394952,71,Oxnard,CA,"$2,375.99 ","$2,371.86 ","$2,401.41 ","$2,455.87 ","$2,520.44 ","$2,616.35 ","$2,719.67 ","$2,814.18 ","$2,887.73 ","$2,931.56 ","$2,958.27 ","$2,975.83 ","$2,990.92 ","$3,004.09 ","$3,003.81 "
394486,72,Columbia,SC,"$1,106.16 ","$1,116.29 ","$1,127.53 ","$1,148.44 ","$1,183.26 ","$1,222.74 ","$1,277.82 ","$1,332.96 ","$1,352.14 ","$1,385.20 ","$1,407.87 ","$1,426.83 ","$1,464.66 ","$1,484.47 ","$1,489.21 "
753906,73,North Port,FL,"$1,577.77 ","$1,578.84 ","$1,581.44 ","$1,632.82 ","$1,703.76 ","$1,803.01 ","$2,009.29 ","$2,155.07 ","$2,247.16 ","$2,328.86 ","$2,328.84 ","$2,359.82 ","$2,415.95 ","$2,446.80 ","$2,449.12 "
845158,74,Dayton,OH,$971.60 ,$984.80 ,$996.50 ,"$1,012.11 ","$1,035.25 ","$1,064.89 ","$1,101.54 ","$1,135.88 ","$1,162.71 ","$1,192.14 ","$1,212.86 ","$1,232.15 ","$1,252.55 ","$1,259.73 ","$1,264.49 "
394457,75,Charleston,SC,"$1,423.68 ","$1,407.33 ","$1,402.36 ","$1,423.03 ","$1,469.43 ","$1,526.14 ","$1,612.41 ","$1,691.22 ","$1,739.17 ","$1,805.73 ","$1,858.11 ","$1,902.17 ","$1,959.30 ","$1,999.01 ","$2,001.63 "
394648,76,Greensboro,NC,"$1,090.10 ","$1,100.07 ","$1,122.63 ","$1,145.21 ","$1,175.59 ","$1,209.66 ","$1,257.60 ","$1,318.20 ","$1,365.42 ","$1,410.05 ","$1,441.41 ","$1,462.05 ","$1,486.55 ","$1,501.12 ","$1,507.60 "
395134,77,Stockton,CA,"$1,950.68 ","$1,946.47 ","$1,976.26 ","$2,053.35 ","$2,126.94 ","$2,225.32 ","$2,327.37 ","$2,358.09 ","$2,397.61 ","$2,440.30 ","$2,444.23 ","$2,468.41 ","$2,471.83 ","$2,453.50 ","$2,453.70 "
394440,78,Cape Coral,FL,"$1,401.17 ","$1,415.26 ","$1,430.80 ","$1,455.08 ","$1,494.53 ","$1,578.28 ","$1,726.06 ","$1,872.67 ","$1,974.51 ","$2,069.79 ","$2,120.04 ","$2,170.96 ","$2,245.86 ","$2,289.08 ","$2,283.79 "
394399,79,Boise City,ID,"$1,346.11 ","$1,343.89 ","$1,369.09 ","$1,451.92 ","$1,530.92 ","$1,627.20 ","$1,715.96 ","$1,760.51 ","$1,787.58 ","$1,821.45 ","$1,840.64 ","$1,849.03 ","$1,860.00 ","$1,856.00 ","$1,846.42 "
394484,80,Colorado Springs,CO,"$1,433.61 ","$1,433.80 ","$1,450.36 ","$1,495.98 ","$1,530.59 ","$1,597.82 ","$1,677.62 ","$1,717.47 ","$1,750.11 ","$1,790.29 ","$1,803.33 ","$1,825.31 ","$1,852.05 ","$1,853.99 ","$1,850.06 "
394798,81,Little Rock,AR,$940.10 ,$950.69 ,$968.96 ,$990.55 ,"$1,017.98 ","$1,043.52 ","$1,076.79 ","$1,104.59 ","$1,128.00 ","$1,145.07 ","$1,157.61 ","$1,173.59 ","$1,188.01 ","$1,202.01 ","$1,207.03 "
394766,82,Lakeland,FL,"$1,363.81 ","$1,372.95 ","$1,379.73 ","$1,427.50 ","$1,457.78 ","$1,516.44 ","$1,622.59 ","$1,716.95 ","$1,775.36 ","$1,848.63 ","$1,874.55 ","$1,882.68 ","$1,919.25 ","$1,920.04 ","$1,912.59 "
394304,83,Akron,OH,$890.50 ,$900.71 ,$911.20 ,$928.67 ,$959.39 ,$980.96 ,"$1,015.07 ","$1,041.13 ","$1,060.59 ","$1,108.82 ","$1,129.70 ","$1,157.11 ","$1,180.59 ","$1,170.05 ","$1,184.48 "
394531,84,Des Moines,IA,"$1,074.48 ","$1,069.40 ","$1,074.11 ","$1,085.94 ","$1,091.42 ","$1,102.56 ","$1,116.17 ","$1,140.00 ","$1,160.07 ","$1,184.94 ","$1,206.24 ","$1,215.57 ","$1,230.30 ","$1,236.74 ","$1,238.73 "
395115,85,Springfield,MA,"$1,376.58 ","$1,390.41 ","$1,413.34 ","$1,436.73 ","$1,468.06 ","$1,499.66 ","$1,527.28 ","$1,544.11 ","$1,571.53 ","$1,640.64 ","$1,682.27 ","$1,735.79 ","$1,770.38 ","$1,758.74 ","$1,773.84 "
845159,86,Poughkeepsie,NY,"$1,471.39 ","$1,491.48 ","$1,554.33 ","$1,614.42 ","$1,665.29 ","$1,701.23 ","$1,751.15 ","$1,840.95 ","$1,891.13 ","$1,938.79 ","$1,964.99 ","$1,963.03 ","$1,993.42 ","$2,016.84 ","$2,030.12 "
394931,87,Ogden,UT,"$1,324.19 ","$1,319.65 ","$1,342.13 ","$1,382.40 ","$1,423.42 ","$1,480.03 ","$1,562.32 ","$1,628.20 ","$1,687.07 ","$1,727.26 ","$1,745.97 ","$1,763.40 ","$1,779.80 ","$1,798.91 ","$1,795.73 "
394816,88,Madison,WI,"$1,198.59 ","$1,195.04 ","$1,195.34 ","$1,202.24 ","$1,211.56 ","$1,232.78 ","$1,258.79 ","$1,283.74 ","$1,300.36 ","$1,328.24 ","$1,357.87 ","$1,389.84 ","$1,435.25 ","$1,466.05 ","$1,478.19 "
395235,89,Winston,NC,"$1,218.37 ","$1,224.53 ","$1,255.59 ","$1,286.86 ","$1,325.13 ","$1,377.96 ","$1,433.04 ","$1,480.70 ","$1,529.06 ","$1,568.37 ","$1,596.04 ","$1,627.25 ","$1,648.72 ","$1,662.11 ","$1,666.99 "
394528,90,Deltona,FL,"$1,356.00 ","$1,358.54 ","$1,375.48 ","$1,414.55 ","$1,450.63 ","$1,501.88 ","$1,588.28 ","$1,682.62 ","$1,765.47 ","$1,833.84 ","$1,876.21 ","$1,894.91 ","$1,916.21 ","$1,932.44 ","$1,931.36 "
395143,91,Syracuse,NY,"$1,114.41 ","$1,130.68 ","$1,147.78 ","$1,162.91 ","$1,195.78 ","$1,224.15 ","$1,257.72 ","$1,302.74 ","$1,326.68 ","$1,363.71 ","$1,397.47 ","$1,420.58 ","$1,446.63 ","$1,462.97 ","$1,458.33 "
395006,92,Provo,UT,"$1,366.69 ","$1,372.05 ","$1,389.16 ","$1,427.16 ","$1,474.83 ","$1,524.46 ","$1,604.93 ","$1,672.44 ","$1,718.48 ","$1,775.18 ","$1,794.06 ","$1,806.65 ","$1,821.07 ","$1,815.78 ","$1,811.15 "
395160,93,Toledo,OH,$944.76 ,$952.34 ,$954.26 ,$976.60 ,$993.46 ,"$1,030.91 ","$1,077.33 ","$1,114.63 ","$1,137.09 ","$1,168.58 ","$1,190.40 ","$1,200.01 ","$1,217.54 ","$1,219.31 ","$1,208.74 "
395224,94,Wichita,KS,$808.88 ,$809.92 ,$823.30 ,$832.79 ,$844.56 ,$868.53 ,$886.30 ,$905.80 ,$926.81 ,$940.42 ,$955.36 ,$974.95 ,$993.38 ,"$1,005.99 ","$1,016.47 "
394549,95,Durham,NC,"$1,328.45 ","$1,324.35 ","$1,319.03 ","$1,341.73 ","$1,362.22 ","$1,410.82 ","$1,488.71 ","$1,561.55 ","$1,612.07 ","$1,654.22 ","$1,683.94 ","$1,703.20 ","$1,737.30 ","$1,759.14 ","$1,758.24 "
394352,96,Augusta,GA,"$1,017.85 ","$1,027.38 ","$1,057.50 ","$1,088.78 ","$1,108.98 ","$1,144.07 ","$1,200.23 ","$1,238.93 ","$1,266.22 ","$1,300.26 ","$1,308.16 ","$1,328.61 ","$1,360.89 ","$1,373.05 ","$1,378.01 "
394957,97,Palm Bay,FL,"$1,389.47 ","$1,393.75 ","$1,406.30 ","$1,442.60 ","$1,489.81 ","$1,556.02 ","$1,661.81 ","$1,763.19 ","$1,834.44 ","$1,900.52 ","$1,933.65 ","$1,954.98 ","$1,986.42 ","$2,001.74 ","$2,001.58 "
394711,98,Jackson,MS,"$1,116.48 ","$1,128.97 ","$1,124.07 ","$1,149.83 ","$1,156.83 ","$1,185.82 ","$1,223.17 ","$1,241.57 ","$1,272.60 ","$1,297.97 ","$1,321.37 ","$1,342.62 ","$1,363.08 ","$1,373.41 ","$1,376.08 "
394666,99,Harrisburg,PA,"$1,077.49 ","$1,075.75 ","$1,096.09 ","$1,121.26 ","$1,150.67 ","$1,189.17 ","$1,246.50 ","$1,287.88 ","$1,319.11 ","$1,344.21 ","$1,348.79 ","$1,363.20 ","$1,380.10 ","$1,392.81 ","$1,394.34 "
395113,100,Spokane,WA,"$1,183.37 ","$1,185.16 ","$1,209.76 ","$1,266.06 ","$1,319.98 ","$1,419.80 ","$1,514.42 ","$1,536.20 ","$1,574.11 ","$1,596.50 ","$1,600.96 ","$1,633.05 ","$1,640.74 ","$1,636.22 ","$1,626.50 "
395075,101,Scranton,PA,$900.64 ,$908.47 ,$937.82 ,$968.88 ,"$1,007.44 ","$1,046.19 ","$1,080.66 ","$1,109.52 ","$1,143.39 ","$1,177.58 ","$1,196.71 ","$1,215.41 ","$1,217.77 ","$1,210.13 ","$1,212.22 "
394460,102,Chattanooga,TN,"$1,150.87 ","$1,170.67 ","$1,189.54 ","$1,223.77 ","$1,242.40 ","$1,287.12 ","$1,355.47 ","$1,416.51 ","$1,469.42 ","$1,515.85 ","$1,538.16 ","$1,554.40 ","$1,578.16 ","$1,582.57 ","$1,579.39 "
394871,103,Modesto,CA,"$1,524.03 ","$1,547.08 ","$1,579.49 ","$1,643.20 ","$1,692.16 ","$1,751.03 ","$1,828.02 ","$1,874.52 ","$1,927.59 ","$1,966.65 ","$1,979.09 ","$1,994.73 ","$2,002.70 ","$2,001.67 ","$2,008.49 "
394768,104,Lancaster,PA,"$1,007.62 ","$1,010.97 ","$1,034.92 ","$1,057.25 ","$1,085.23 ","$1,118.80 ","$1,146.35 ","$1,183.93 ","$1,209.87 ","$1,241.65 ","$1,271.74 ","$1,295.06 ","$1,323.93 ","$1,341.48 ","$1,348.33 "
394997,105,Portland,ME,"$1,653.45 ","$1,666.21 ","$1,685.18 ","$1,750.73 ","$1,801.16 ","$1,834.01 ","$1,905.50 ","$1,966.46 ","$2,024.74 ","$2,081.61 ","$2,133.61 ","$2,165.21 ","$2,195.99 ","$2,238.68 ","$2,236.52 "
395245,106,Youngstown,OH,$663.82 ,$679.50 ,$687.48 ,$706.46 ,$722.18 ,$750.93 ,$784.53 ,$804.47 ,$813.80 ,$828.60 ,$834.77 ,$847.61 ,$869.92 ,$875.34 ,$879.95 
394770,107,Lansing,MI,$848.17 ,$856.32 ,$868.44 ,$890.22 ,$910.60 ,$920.07 ,$948.61 ,$970.55 ,$999.35 ,"$1,030.27 ","$1,050.02 ","$1,067.47 ","$1,076.83 ","$1,086.24 ","$1,082.70 "
394590,108,Fayetteville,AR,"$1,127.28 ","$1,138.78 ","$1,138.76 ","$1,161.45 ","$1,190.78 ","$1,226.15 ","$1,261.35 ","$1,312.49 ","$1,342.21 ","$1,399.07 ","$1,456.23 ","$1,485.97 ","$1,528.04 ","$1,539.86 ","$1,540.05 "
394589,109,Fayetteville,NC,$989.20 ,"$1,008.71 ","$1,034.00 ","$1,076.11 ","$1,112.02 ","$1,166.18 ","$1,231.64 ","$1,270.73 ","$1,313.68 ","$1,352.82 ","$1,374.67 ","$1,404.71 ","$1,429.29 ","$1,436.87 ","$1,438.17 "
394792,110,Lexington,KY,"$1,020.62 ","$1,025.28 ","$1,030.81 ","$1,053.54 ","$1,076.10 ","$1,105.62 ","$1,154.45 ","$1,199.10 ","$1,222.34 ","$1,260.06 ","$1,282.84 ","$1,303.85 ","$1,345.33 ","$1,365.39 ","$1,373.68 "
394971,111,Pensacola,FL,"$1,192.68 ","$1,213.46 ","$1,232.72 ","$1,275.66 ","$1,334.43 ","$1,419.37 ","$1,516.88 ","$1,577.87 ","$1,618.49 ","$1,648.02 ","$1,663.44 ","$1,685.31 ","$1,705.19 ","$1,711.63 ","$1,708.15 "
395068,112,Santa Rosa,CA,"$2,291.78 ","$2,285.16 ","$2,293.40 ","$2,328.90 ","$2,339.77 ","$2,381.40 ","$2,474.91 ","$2,546.96 ","$2,618.05 ","$2,665.67 ","$2,667.65 ","$2,679.48 ","$2,695.19 ","$2,702.31 ","$2,710.95 "
395019,113,Reno,NV,"$1,539.88 ","$1,537.19 ","$1,549.83 ","$1,624.51 ","$1,684.43 ","$1,749.01 ","$1,838.84 ","$1,868.96 ","$1,884.45 ","$1,911.08 ","$1,903.39 ","$1,905.93 ","$1,921.30 ","$1,919.45 ","$1,921.93 "
394698,114,Huntsville,AL,"$1,128.67 ","$1,143.59 ","$1,184.31 ","$1,222.71 ","$1,263.94 ","$1,319.25 ","$1,371.77 ","$1,408.38 ","$1,443.98 ","$1,467.35 ","$1,480.85 ","$1,501.19 ","$1,512.29 ","$1,522.26 ","$1,518.18 "
394995,115,Port St. Lucie,FL,"$1,593.12 ","$1,614.59 ","$1,643.34 ","$1,711.23 ","$1,773.22 ","$1,859.91 ","$1,994.58 ","$2,128.50 ","$2,250.70 ","$2,324.08 ","$2,365.02 ","$2,385.88 ","$2,409.93 ","$2,432.42 ","$2,444.65 "
394761,116,Lafayette,LA,"$1,068.95 ","$1,075.62 ","$1,091.49 ","$1,125.88 ","$1,130.58 ","$1,149.60 ","$1,201.53 ","$1,245.44 ","$1,269.26 ","$1,280.63 ","$1,272.11 ","$1,263.00 ","$1,278.46 ","$1,290.73 ","$1,291.15 "
394898,117,Myrtle Beach,SC,"$1,324.91 ","$1,324.76 ","$1,323.81 ","$1,365.88 ","$1,394.64 ","$1,441.26 ","$1,523.66 ","$1,625.56 ","$1,685.86 ","$1,756.86 ","$1,798.05 ","$1,802.33 ","$1,842.37 ","$1,851.45 ","$1,860.73 "
395116,118,Springfield,MO,$949.75 ,$964.89 ,$987.48 ,"$1,011.92 ","$1,043.59 ","$1,081.71 ","$1,136.91 ","$1,171.45 ","$1,205.93 ","$1,248.74 ","$1,263.27 ","$1,288.13 ","$1,301.28 ","$1,296.05 ","$1,293.36 "
395195,119,Visalia,CA,"$1,228.32 ","$1,230.84 ","$1,252.05 ","$1,284.34 ","$1,336.77 ","$1,408.89 ","$1,455.17 ","$1,569.86 ","$1,604.15 ","$1,626.65 ","$1,684.10 ","$1,667.76 ","$1,700.70 ","$1,739.17 ","$1,719.72 "
394746,120,Killeen,TX,$967.16 ,$975.38 ,"$1,000.10 ","$1,041.24 ","$1,071.35 ","$1,132.68 ","$1,204.28 ","$1,267.03 ","$1,300.29 ","$1,325.17 ","$1,332.72 ","$1,335.06 ","$1,356.98 ","$1,363.23 ","$1,358.74 "
394338,121,Asheville,NC,"$1,330.61 ","$1,328.70 ","$1,349.43 ","$1,375.95 ","$1,420.44 ","$1,491.31 ","$1,563.61 ","$1,628.67 ","$1,702.47 ","$1,742.19 ","$1,778.89 ","$1,821.32 ","$1,841.29 ","$1,866.64 ","$1,873.45 "
395244,122,York,PA,"$1,085.73 ","$1,086.52 ","$1,090.63 ","$1,121.88 ","$1,149.77 ","$1,179.92 ","$1,221.66 ","$1,253.37 ","$1,270.04 ","$1,297.56 ","$1,318.83 ","$1,328.94 ","$1,347.38 ","$1,359.37 ","$1,353.38 "
395183,123,Vallejo,CA,"$2,025.58 ","$2,021.33 ","$2,041.09 ","$2,110.80 ","$2,156.38 ","$2,181.78 ","$2,252.82 ","$2,313.32 ","$2,353.13 ","$2,392.44 ","$2,405.85 ","$2,394.01 ","$2,404.54 ","$2,424.09 ","$2,415.26 "
753917,124,Santa Maria,CA,"$2,456.61 ","$2,465.60 ","$2,517.44 ","$2,567.06 ","$2,645.35 ","$2,777.19 ","$2,970.00 ","$3,192.58 ","$3,278.81 ","$3,424.00 ","$3,448.56 ","$3,449.60 ","$3,520.16 ","$3,485.72 ","$3,491.89 "
395050,125,Salinas,CA,"$2,155.00 ","$2,117.19 ","$2,140.73 ","$2,195.45 ","$2,238.26 ","$2,291.63 ","$2,343.79 ","$2,408.87 ","$2,468.86 ","$2,528.22 ","$2,575.76 ","$2,596.61 ","$2,620.07 ","$2,637.64 ","$2,634.88 "
395048,126,Salem,OR,"$1,263.01 ","$1,272.61 ","$1,279.15 ","$1,310.75 ","$1,351.71 ","$1,396.78 ","$1,440.18 ","$1,498.09 ","$1,529.64 ","$1,585.17 ","$1,639.74 ","$1,662.62 ","$1,698.43 ","$1,710.12 ","$1,704.90 "
394870,127,Mobile,AL,$862.14 ,$869.03 ,$871.54 ,$889.67 ,$924.90 ,$970.11 ,"$1,021.22 ","$1,053.77 ","$1,058.66 ","$1,083.72 ","$1,107.34 ","$1,136.65 ","$1,177.67 ","$1,200.90 ","$1,195.32 "
395015,128,Reading,PA,$921.56 ,$921.91 ,$956.43 ,$984.45 ,"$1,036.44 ","$1,062.26 ","$1,091.06 ","$1,112.98 ","$1,151.64 ","$1,177.93 ","$1,203.84 ","$1,249.69 ","$1,280.23 ","$1,322.44 ","$1,347.74 "
394502,129,Corpus Christi,TX,"$1,194.27 ","$1,184.31 ","$1,193.20 ","$1,218.19 ","$1,238.28 ","$1,283.22 ","$1,338.98 ","$1,372.30 ","$1,381.38 ","$1,386.22 ","$1,381.26 ","$1,386.63 ","$1,409.65 ","$1,427.47 ","$1,430.60 "
394421,130,Brownsville,TX,$912.32 ,$920.52 ,$939.42 ,$953.07 ,$966.55 ,$992.98 ,"$1,034.50 ","$1,046.05 ","$1,081.85 ","$1,109.20 ","$1,124.10 ","$1,165.13 ","$1,186.17 ","$1,202.82 ","$1,206.57 "
394820,131,Manchester,NH,"$1,443.86 ","$1,430.99 ","$1,443.64 ","$1,495.95 ","$1,536.63 ","$1,591.17 ","$1,690.87 ","$1,757.31 ","$1,807.93 ","$1,866.02 ","$1,879.98 ","$1,909.04 ","$1,953.16 ","$1,973.32 ","$1,989.57 "
394612,132,Fort Wayne,IN,$879.67 ,$885.31 ,$897.19 ,$913.40 ,$925.27 ,$963.03 ,"$1,010.97 ","$1,053.86 ","$1,088.94 ","$1,122.66 ","$1,135.84 ","$1,146.14 ","$1,158.86 ","$1,152.49 ","$1,149.05 "
394658,133,Gulfport,MS,$996.64 ,"$1,017.63 ","$1,039.21 ","$1,052.65 ","$1,064.35 ","$1,114.66 ","$1,157.95 ","$1,221.65 ","$1,265.06 ","$1,272.69 ","$1,298.36 ","$1,315.65 ","$1,354.17 ","$1,390.40 ","$1,406.40 "
395051,134,Salisbury,DE,"$1,370.48 ","$1,367.62 ","$1,387.67 ","$1,413.96 ","$1,460.23 ","$1,563.64 ","$1,622.57 ","$1,650.99 ","$1,703.79 ","$1,719.79 ","$1,753.20 ","$1,802.61 ","$1,812.30 ","$1,824.04 ","$1,819.97 "
394596,135,Flint,MI,$786.59 ,$801.01 ,$802.97 ,$834.72 ,$861.09 ,$886.00 ,$915.45 ,$956.28 ,$971.10 ,$997.54 ,"$1,015.09 ","$1,006.42 ","$1,011.57 ","$1,000.28 ",$998.22 
394972,136,Peoria,IL,$855.62 ,$862.95 ,$868.86 ,$886.71 ,$890.36 ,$900.89 ,$925.89 ,$960.80 ,$966.54 ,"$1,000.64 ","$1,021.28 ","$1,030.05 ","$1,069.57 ","$1,079.97 ","$1,083.39 "
394439,137,Canton,OH,$739.24 ,$751.98 ,$763.03 ,$785.51 ,$803.30 ,$813.26 ,$828.11 ,$853.40 ,$873.75 ,$909.16 ,$942.54 ,$955.34 ,$972.96 ,$980.17 ,$976.24 
395070,138,Savannah,GA,"$1,258.39 ","$1,262.09 ","$1,245.93 ","$1,281.11 ","$1,315.72 ","$1,376.54 ","$1,473.74 ","$1,568.10 ","$1,630.13 ","$1,686.70 ","$1,735.20 ","$1,758.52 ","$1,806.45 ","$1,837.52 ","$1,845.55 "
394327,139,Anchorage,AK,"$1,383.53 ","$1,376.32 ","$1,380.79 ","$1,417.34 ","$1,425.47 ","$1,443.02 ","$1,487.65 ","$1,519.31 ","$1,563.27 ","$1,621.74 ","$1,657.46 ","$1,688.16 ","$1,722.75 ","$1,736.04 ","$1,741.00 "
394372,140,Beaumont,TX,$985.07 ,$997.50 ,"$1,010.54 ","$1,019.15 ","$1,029.48 ","$1,051.20 ","$1,058.77 ","$1,071.39 ","$1,093.53 ","$1,099.43 ","$1,118.77 ","$1,135.24 ","$1,140.55 ","$1,152.00 ","$1,151.76 "
395096,141,Shreveport,LA,"$1,031.72 ","$1,034.17 ","$1,054.19 ","$1,074.12 ","$1,080.38 ","$1,105.22 ","$1,143.79 ","$1,183.98 ","$1,194.74 ","$1,213.06 ","$1,219.87 ","$1,226.52 ","$1,263.28 ","$1,285.38 ","$1,286.46 "
395164,142,Trenton,NJ,"$2,006.58 ","$2,013.98 ","$2,019.33 ","$2,060.38 ","$2,098.75 ","$2,137.95 ","$2,201.54 ","$2,263.62 ","$2,348.90 ","$2,410.83 ","$2,462.65 ","$2,502.86 ","$2,529.74 ","$2,554.19 ","$2,576.74 "
394875,143,Montgomery,AL,$996.50 ,$996.59 ,"$1,005.09 ","$1,026.55 ","$1,051.79 ","$1,077.66 ","$1,130.61 ","$1,170.09 ","$1,199.92 ","$1,225.67 ","$1,233.20 ","$1,244.10 ","$1,257.30 ","$1,269.02 ","$1,269.60 "
394520,144,Davenport,IL,$809.73 ,$817.62 ,$826.90 ,$836.93 ,$848.02 ,$862.71 ,$874.57 ,$898.37 ,$914.26 ,$927.59 ,$945.41 ,$956.75 ,$974.30 ,$986.75 ,$993.69 
395146,145,Tallahassee,FL,"$1,083.79 ","$1,078.25 ","$1,079.06 ","$1,099.25 ","$1,111.79 ","$1,145.01 ","$1,195.29 ","$1,243.84 ","$1,302.66 ","$1,348.38 ","$1,388.79 ","$1,421.23 ","$1,452.76 ","$1,478.66 ","$1,481.82 "
394576,146,Eugene,OR,"$1,424.48 ","$1,431.29 ","$1,433.84 ","$1,478.84 ","$1,518.28 ","$1,552.58 ","$1,626.81 ","$1,685.94 ","$1,713.62 ","$1,793.78 ","$1,835.82 ","$1,857.87 ","$1,894.76 ","$1,898.25 ","$1,876.77 "
394901,147,Naples,FL,"$1,860.78 ","$1,865.15 ","$1,879.93 ","$1,889.39 ","$1,941.42 ","$2,102.89 ","$2,448.45 ","$2,594.59 ","$2,754.22 ","$2,849.07 ","$2,864.04 ","$2,921.61 ","$3,007.54 ","$3,051.39 ","$3,059.32 "
394332,148,Ann Arbor,MI,"$1,622.39 ","$1,617.67 ","$1,612.07 ","$1,632.96 ","$1,666.40 ","$1,706.28 ","$1,753.68 ","$1,813.20 ","$1,867.13 ","$1,918.05 ","$1,968.78 ","$1,988.95 ","$2,003.54 ","$2,012.39 ","$2,012.75 "
394927,149,Ocala,FL,"$1,138.88 ","$1,149.03 ","$1,178.62 ","$1,225.07 ","$1,264.70 ","$1,300.45 ","$1,398.34 ","$1,492.13 ","$1,548.19 ","$1,605.81 ","$1,610.59 ","$1,610.73 ","$1,638.17 ","$1,652.56 ","$1,657.07 "
394679,150,Hickory,NC,$979.06 ,$994.12 ,$995.29 ,"$1,041.98 ","$1,058.64 ","$1,102.56 ","$1,180.19 ","$1,240.51 ","$1,294.56 ","$1,323.95 ","$1,332.25 ","$1,342.76 ","$1,370.72 ","$1,385.28 ","$1,401.00 "
394697,151,Huntington,OH,$717.09 ,$725.91 ,$732.03 ,$750.09 ,$751.62 ,$766.79 ,$785.59 ,$788.80 ,$800.66 ,$813.37 ,$820.53 ,$838.19 ,$855.62 ,$861.34 ,$869.40 
394602,152,Fort Collins,CO,"$1,543.67 ","$1,539.34 ","$1,541.72 ","$1,556.25 ","$1,579.82 ","$1,629.68 ","$1,687.58 ","$1,744.58 ","$1,779.69 ","$1,812.47 ","$1,842.99 ","$1,868.27 ","$1,906.69 ","$1,931.70 ","$1,937.29 "
395033,153,Rockford,IL,$798.74 ,$804.65 ,$826.03 ,$843.62 ,$872.03 ,$882.50 ,$895.79 ,$918.49 ,$935.84 ,$966.47 ,$985.59 ,$999.48 ,"$1,010.52 ","$1,013.96 ","$1,018.58 "
394796,154,Lincoln,NE,$993.85 ,"$1,007.82 ","$1,021.98 ","$1,029.69 ","$1,041.98 ","$1,061.26 ","$1,088.62 ","$1,114.95 ","$1,138.56 ","$1,164.96 ","$1,185.91 ","$1,211.47 ","$1,234.80 ","$1,249.29 ","$1,251.26 "
394622,155,Gainesville,FL,"$1,250.84 ","$1,256.64 ","$1,244.85 ","$1,240.48 ","$1,279.85 ","$1,323.99 ","$1,404.73 ","$1,509.57 ","$1,545.96 ","$1,576.65 ","$1,602.47 ","$1,609.64 ","$1,651.93 ","$1,689.54 ","$1,695.86 "
394405,156,Boulder,CO,"$1,874.44 ","$1,856.46 ","$1,859.07 ","$1,875.97 ","$1,906.68 ","$1,978.34 ","$2,066.05 ","$2,101.32 ","$2,152.89 ","$2,194.21 ","$2,206.79 ","$2,252.17 ","$2,274.70 ","$2,275.43 ","$2,289.41 "
394646,157,Green Bay,WI,$957.80 ,$983.45 ,$857.73 ,$792.18 ,$796.16 ,$812.77 ,$830.93 ,$881.13 ,$906.90 ,$921.40 ,$943.11 ,$949.77 ,$968.89 ,$990.28 ,$994.02 
394488,158,Columbus,GA,$847.49 ,$879.52 ,$897.12 ,$908.81 ,$941.22 ,$969.41 ,"$1,021.06 ","$1,076.99 ","$1,110.55 ","$1,132.68 ","$1,142.03 ","$1,148.63 ","$1,158.23 ","$1,165.60 ","$1,168.68 "
395107,159,South Bend,IN,$905.79 ,$928.12 ,$942.12 ,$972.56 ,"$1,013.87 ","$1,049.94 ","$1,092.41 ","$1,156.42 ","$1,187.18 ","$1,213.19 ","$1,250.35 ","$1,270.47 ","$1,314.07 ","$1,352.79 ","$1,370.31 "
395109,160,Spartanburg,SC,"$1,140.80 ","$1,136.98 ","$1,155.32 ","$1,173.77 ","$1,193.66 ","$1,224.78 ","$1,253.86 ","$1,300.12 ","$1,334.38 ","$1,362.38 ","$1,392.70 ","$1,409.46 ","$1,434.93 ","$1,457.12 ","$1,465.23 "
394645,161,Greeley,CO,"$1,521.54 ","$1,535.82 ","$1,543.25 ","$1,562.73 ","$1,585.72 ","$1,616.03 ","$1,673.99 ","$1,725.61 ","$1,756.22 ","$1,797.28 ","$1,817.80 ","$1,839.19 ","$1,874.22 ","$1,888.29 ","$1,894.00 "
394808,162,Lubbock,TX,"$1,139.04 ","$1,148.35 ","$1,159.64 ","$1,172.41 ","$1,188.92 ","$1,223.26 ","$1,254.95 ","$1,279.37 ","$1,301.65 ","$1,319.41 ","$1,331.96 ","$1,345.80 ","$1,354.17 ","$1,354.09 ","$1,351.68 "
394471,163,Clarksville,TN,$992.15 ,$993.87 ,"$1,014.21 ","$1,042.90 ","$1,077.27 ","$1,117.43 ","$1,163.29 ","$1,212.70 ","$1,253.07 ","$1,285.56 ","$1,308.21 ","$1,319.55 ","$1,328.81 ","$1,336.30 ","$1,333.59 "
395028,164,Roanoke,VA,$942.00 ,$931.88 ,$942.27 ,$965.28 ,$975.81 ,"$1,004.99 ","$1,047.80 ","$1,083.55 ","$1,131.09 ","$1,171.50 ","$1,202.18 ","$1,232.82 ","$1,253.88 ","$1,270.99 ","$1,274.14 "
394579,165,Evansville,IN,$730.77 ,$724.64 ,$728.48 ,$747.46 ,$751.29 ,$777.28 ,$806.85 ,$821.42 ,$837.82 ,$847.84 ,$858.43 ,$876.12 ,$902.22 ,$921.82 ,$928.81 
394747,167,Kingsport,TN,$767.44 ,$767.43 ,$792.09 ,$806.05 ,$830.86 ,$856.88 ,$891.84 ,$935.36 ,$973.93 ,"$1,035.09 ","$1,073.00 ","$1,114.17 ","$1,156.10 ","$1,168.50 ","$1,182.95 "
394741,168,Kennewick,WA,"$1,315.65 ","$1,296.30 ","$1,318.19 ","$1,369.17 ","$1,397.93 ","$1,449.32 ","$1,526.07 ","$1,559.67 ","$1,608.42 ","$1,641.49 ","$1,644.38 ","$1,670.02 ","$1,698.26 ","$1,718.31 ","$1,729.38 "
394660,170,Hagerstown,MD,"$1,042.87 ","$1,060.00 ","$1,085.55 ","$1,109.32 ","$1,146.00 ","$1,182.97 ","$1,222.56 ","$1,264.53 ","$1,305.33 ","$1,348.88 ","$1,382.29 ","$1,412.30 ","$1,434.29 ","$1,440.72 ","$1,446.80 "
394543,171,Duluth,MN,$999.00 ,"$1,003.22 ","$1,030.67 ","$1,043.83 ","$1,060.25 ","$1,082.13 ","$1,103.63 ","$1,122.77 ","$1,146.12 ","$1,177.92 ","$1,200.87 ","$1,235.75 ","$1,264.99 ","$1,280.96 ","$1,285.94 "
394937,172,Olympia,WA,"$1,596.61 ","$1,605.41 ","$1,638.27 ","$1,693.89 ","$1,750.59 ","$1,807.59 ","$1,872.16 ","$1,947.09 ","$1,997.56 ","$2,017.48 ","$2,039.31 ","$2,038.47 ","$2,049.30 ","$2,075.79 ","$2,080.30 "
394803,173,Longview,TX,$842.59 ,$849.81 ,$842.76 ,$868.64 ,$874.37 ,$885.73 ,$907.12 ,$940.58 ,$969.31 ,"$1,000.11 ","$1,032.13 ","$1,036.80 ","$1,049.60 ","$1,055.62 ","$1,055.76 "
395229,174,Wilmington,NC,"$1,243.33 ","$1,275.65 ","$1,282.73 ","$1,300.71 ","$1,351.07 ","$1,379.77 ","$1,454.61 ","$1,555.84 ","$1,618.89 ","$1,699.41 ","$1,748.79 ","$1,762.36 ","$1,781.42 ","$1,784.88 ","$1,774.64 "
395061,175,San Luis Obispo,CA,"$2,177.12 ","$2,200.62 ","$2,203.39 ","$2,252.40 ","$2,305.65 ","$2,323.74 ","$2,414.51 ","$2,521.46 ","$2,545.27 ","$2,663.76 ","$2,711.75 ","$2,734.61 ","$2,818.79 ","$2,827.73 ","$2,850.10 "
753875,176,Crestview,FL,"$1,408.22 ","$1,608.48 ","$1,419.16 ","$1,471.22 ","$1,514.43 ","$1,656.90 ","$1,818.09 ","$1,871.86 ","$1,948.24 ","$1,968.85 ","$1,958.18 ","$2,003.14 ","$2,022.49 ","$2,022.78 ","$2,018.64 "
394851,177,Merced,CA,"$1,476.06 ","$1,488.47 ","$1,479.78 ","$1,575.02 ","$1,616.31 ","$1,668.36 ","$1,823.55 ","$1,868.70 ","$1,929.59 ","$1,948.53 ","$1,924.83 ","$1,943.08 ","$1,974.78 ","$2,020.67 ","$2,032.12 "
395197,178,Waco,TX,"$1,112.55 ","$1,138.89 ","$1,123.12 ","$1,165.91 ","$1,182.60 ","$1,221.61 ","$1,285.31 ","$1,336.89 ","$1,376.91 ","$1,427.69 ","$1,462.80 ","$1,481.12 ","$1,513.55 ","$1,514.49 ","$1,514.49 "
394447,179,Cedar Rapids,IA,$926.71 ,$922.55 ,$934.94 ,$957.11 ,$962.77 ,$983.66 ,$986.56 ,$990.75 ,"$1,005.70 ","$1,016.09 ","$1,038.74 ","$1,054.76 ","$1,072.87 ","$1,089.52 ","$1,086.95 "
394348,180,Atlantic City,NJ,"$1,329.21 ","$1,317.21 ","$1,368.52 ","$1,415.75 ","$1,467.06 ","$1,566.41 ","$1,652.59 ","$1,711.51 ","$1,833.09 ","$1,857.84 ","$1,874.37 ","$1,920.87 ","$1,910.60 ","$1,923.32 ","$1,960.86 "
394412,181,Bremerton,WA,"$1,531.10 ","$1,525.21 ","$1,524.63 ","$1,578.85 ","$1,633.13 ","$1,718.55 ","$1,824.49 ","$1,888.31 ","$1,910.80 ","$1,926.11 ","$1,919.26 ","$1,909.10 ","$1,918.56 ","$1,916.65 ","$1,911.23 "
395103,182,Sioux Falls,SD,$916.78 ,$923.10 ,$931.71 ,$940.11 ,$957.11 ,$980.02 ,"$1,008.36 ","$1,053.28 ","$1,096.39 ","$1,133.27 ","$1,163.47 ","$1,178.75 ","$1,188.04 ","$1,190.98 ","$1,194.88 "
395065,183,Santa Cruz,CA,"$2,619.72 ","$2,595.47 ","$2,584.19 ","$2,647.67 ","$2,702.10 ","$2,794.73 ","$2,884.94 ","$3,002.54 ","$3,121.60 ","$3,176.48 ","$3,250.58 ","$3,272.28 ","$3,281.47 ","$3,311.38 ","$3,328.68 "
394572,184,Erie,PA,$801.24 ,$804.54 ,$816.18 ,$832.70 ,$822.47 ,$839.68 ,$871.14 ,$885.53 ,$916.32 ,$956.73 ,$972.96 ,"$1,002.24 ","$1,026.54 ","$1,024.97 ","$1,025.39 "
394924,185,Norwich,CT,"$1,084.54 ","$1,072.97 ","$1,095.99 ","$1,135.55 ","$1,164.33 ","$1,204.41 ","$1,247.02 ","$1,270.07 ","$1,302.45 ","$1,337.06 ","$1,363.35 ","$1,399.20 ","$1,432.59 ","$1,455.96 ","$1,472.24 "
394323,186,Amarillo,TX,"$1,165.36 ","$1,172.21 ","$1,184.05 ","$1,213.14 ","$1,223.25 ","$1,257.37 ","$1,279.15 ","$1,316.82 ","$1,355.24 ","$1,393.09 ","$1,429.79 ","$1,441.81 ","$1,455.23 ","$1,454.09 ","$1,452.85 "
394772,187,Laredo,TX,"$1,104.57 ","$1,101.07 ","$1,108.02 ","$1,109.45 ","$1,117.58 ","$1,125.39 ","$1,170.34 ","$1,205.76 ","$1,240.74 ","$1,258.08 ","$1,258.69 ","$1,278.53 ","$1,284.57 ","$1,304.64 ","$1,314.28 "
395171,188,Tuscaloosa,AL,"$1,237.88 ","$1,238.51 ","$1,247.00 ","$1,269.56 ","$1,275.99 ","$1,282.99 ","$1,313.88 ","$1,342.83 ","$1,370.82 ","$1,409.96 ","$1,435.10 ","$1,459.16 ","$1,495.73 ","$1,516.69 ","$1,523.98 "
394483,189,College Station,TX,"$1,212.89 ","$1,219.04 ","$1,216.23 ","$1,237.45 ","$1,262.45 ","$1,265.51 ","$1,303.75 ","$1,337.82 ","$1,361.45 ","$1,399.69 ","$1,421.78 ","$1,444.88 ","$1,479.61 ","$1,503.87 ","$1,518.36 "
394732,190,Kalamazoo,MI,$977.01 ,$983.95 ,$991.32 ,"$1,009.03 ","$1,032.00 ","$1,055.73 ","$1,090.73 ","$1,122.43 ","$1,153.35 ","$1,175.34 ","$1,192.82 ","$1,209.42 ","$1,221.30 ","$1,239.05 ","$1,237.91 "
394811,191,Lynchburg,VA,$879.75 ,$900.92 ,$929.18 ,$950.51 ,$955.13 ,$993.98 ,"$1,034.59 ","$1,085.28 ","$1,134.89 ","$1,179.94 ","$1,221.27 ","$1,269.62 ","$1,332.26 ","$1,365.59 ","$1,384.26 "
394455,192,Charleston,WV,$718.09 ,$723.68 ,$725.11 ,$738.45 ,$748.99 ,$748.47 ,$754.34 ,$758.82 ,$772.51 ,$789.20 ,$804.34 ,$814.85 ,$820.99 ,$828.21 ,$829.64 
